{
  "document_001.pdf": {
    "bboxes": [
      [
        198.0,
        55.0,
        43.060001373291016,
        118.0
      ],
      [
        263.0,
        195.0,
        24.750999450683594,
        43.0
      ],
      [
        518.0,
        37.0,
        46.72800064086914,
        99.0
      ],
      [
        587.0,
        157.0,
        28.908000946044922,
        52.0
      ]
    ]
  },
  "document_002.pdf": {
    "bboxes": [
      [
        427.0,
        294.0,
        118.60700225830078,
        113.3499984741211
      ],
      [
        248.0,
        370.0,
        185.7220001220703,
        76.14099884033203
      ],
      [
        95.0,
        344.0,
        240.44400024414062,
        107.76899719238281
      ]
    ]
  },
  "document_003.pdf": {
    "bboxes": [
      [
        472.0,
        151.0,
        77.60600280761719,
        69.44200134277344
      ]
    ]
  },
  "document_004.pdf": {
    "bboxes": [
      [
        113.0,
        54.0,
        261.3789978027344,
        82.0250015258789
      ]
    ]
  },
  "document_005.pdf": {
    "bboxes": [
      [
        287.0,
        389.0,
        182.697998046875,
        63.176998138427734
      ]
    ]
  },
  "document_006.pdf": {
    "bboxes": [
      [
        297.0,
        517.0,
        146.0,
        47.0
      ]
    ]
  },
  "document_007.pdf": {
    "bboxes": []
  },
  "document_008.pdf": {
    "bboxes": []
  },
  "document_009.pdf": {
    "bboxes": [
      [
        339.0,
        271.0,
        92.0,
        17.0
      ],
      [
        328.0,
        322.0,
        213.0,
        28.0
      ],
      [
        86.0,
        312.0,
        206.0,
        50.0
      ],
      [
        119.0,
        362.0,
        164.0,
        27.0
      ],
      [
        336.0,
        361.0,
        166.0,
        35.0
      ],
      [
        353.0,
        397.0,
        98.0,
        27.0
      ],
      [
        120.0,
        401.0,
        160.0,
        22.0
      ],
      [
        117.0,
        443.0,
        151.0,
        45.0
      ]
    ]
  },
  "document_010.pdf": {
    "bboxes": [
      [
        112.0,
        109.0,
        131.5760040283203,
        100.52400207519531
      ],
      [
        196.0,
        208.0,
        267.62799072265625,
        111.10700225830078
      ]
    ]
  },
  "document_011.pdf": {
    "bboxes": [
      [
        517.0,
        95.0,
        84.0,
        196.46600341796875
      ]
    ]
  },
  "document_012.pdf": {
    "bboxes": [
      [
        222.0,
        193.0,
        53.07699966430664,
        119.59300231933594
      ],
      [
        249.0,
        384.0,
        57.60100173950195,
        149.63999938964844
      ]
    ]
  },
  "document_013.pdf": {
    "bboxes": []
  },
  "document_014.pdf": {
    "bboxes": [
      [
        89.0,
        330.0,
        57.87300109863281,
        161.9770050048828
      ]
    ]
  },
  "document_015.pdf": {
    "bboxes": []
  },
  "document_016.pdf": {
    "bboxes": [
      [
        107.0,
        315.0,
        103.0,
        194.5989990234375
      ]
    ]
  },
  "document_017.pdf": {
    "bboxes": [
      [
        9.0,
        502.0,
        196.3090057373047,
        75.0
      ],
      [
        450.0,
        481.0,
        149.9770050048828,
        56.0
      ]
    ]
  },
  "document_018.pdf": {
    "bboxes": [
      [
        269.0,
        13.0,
        45.959999084472656,
        165.26199340820312
      ]
    ]
  },
  "document_019.pdf": {
    "bboxes": [
      [
        424.0,
        159.0,
        47.58399963378906,
        111.78500366210938
      ],
      [
        376.0,
        351.0,
        93.28299713134766,
        228.53599548339844
      ],
      [
        467.0,
        367.0,
        55.957000732421875,
        170.9080047607422
      ],
      [
        329.0,
        81.0,
        71.19000244140625,
        224.15199279785156
      ],
      [
        430.0,
        371.0,
        55.97999954223633,
        171.9080047607422
      ],
      [
        378.0,
        107.0,
        66.21299743652344,
        182.08200073242188
      ],
      [
        296.0,
        201.0,
        48.630001068115234,
        113.8030014038086
      ],
      [
        502.0,
        335.0,
        72.58499908447266,
        198.18699645996094
      ]
    ]
  },
  "document_020.pdf": {
    "bboxes": [
      [
        64.0,
        336.0,
        169.41900634765625,
        37.965999603271484
      ]
    ]
  },
  "document_021.pdf": {
    "bboxes": [
      [
        334.0,
        488.0,
        32.012001037597656,
        58.361000061035156
      ]
    ]
  },
  "document_022.pdf": {
    "bboxes": [
      [
        57.0,
        111.0,
        209.76800537109375,
        69.64800262451172
      ],
      [
        446.0,
        124.0,
        158.79100036621094,
        70.75800323486328
      ]
    ]
  },
  "document_023.pdf": {
    "bboxes": [
      [
        222.0,
        391.0,
        78.99500274658203,
        57.0
      ]
    ]
  },
  "document_024.pdf": {
    "bboxes": [
      [
        0.0,
        49.0,
        54.71500015258789,
        78.95999908447266
      ]
    ]
  },
  "document_025.pdf": {
    "bboxes": []
  },
  "document_026.pdf": {
    "bboxes": [
      [
        380.0,
        379.0,
        193.0,
        65.0
      ]
    ]
  },
  "document_027.pdf": {
    "bboxes": [
      [
        300.0,
        205.0,
        119.0,
        35.0
      ],
      [
        101.0,
        275.0,
        154.0,
        25.0
      ]
    ]
  },
  "document_028.pdf": {
    "bboxes": [
      [
        311.0,
        148.0,
        183.0,
        44.0
      ]
    ]
  },
  "document_029.pdf": {
    "bboxes": []
  },
  "document_030.pdf": {
    "bboxes": []
  },
  "document_031.pdf": {
    "bboxes": [
      [
        380.0,
        254.0,
        154.0,
        44.0
      ]
    ]
  },
  "document_032.pdf": {
    "bboxes": [
      [
        391.0,
        317.0,
        151.97799682617188,
        86.74500274658203
      ]
    ]
  },
  "document_033.pdf": {
    "bboxes": [
      [
        311.0,
        101.0,
        47.09600067138672,
        176.5
      ]
    ]
  },
  "document_034.pdf": {
    "bboxes": [
      [
        356.0,
        327.0,
        123.0,
        31.0
      ]
    ]
  },
  "document_035.pdf": {
    "bboxes": [
      [
        233.0,
        296.0,
        40.46099853515625,
        141.2209930419922
      ]
    ]
  },
  "document_036.pdf": {
    "bboxes": [
      [
        392.0,
        368.0,
        91.0,
        32.0
      ]
    ]
  },
  "document_037.pdf": {
    "bboxes": [
      [
        406.0,
        299.0,
        139.0,
        25.80900001525879
      ]
    ]
  },
  "document_038.pdf": {
    "bboxes": []
  },
  "document_039.pdf": {
    "bboxes": [
      [
        218.0,
        306.0,
        47.0,
        206.5469970703125
      ]
    ]
  },
  "document_040.pdf": {
    "bboxes": []
  },
  "document_041.pdf": {
    "bboxes": [
      [
        190.0,
        56.0,
        52.01300048828125,
        173.29100036621094
      ],
      [
        159.0,
        386.0,
        51.95500183105469,
        168.29100036621094
      ]
    ]
  },
  "document_042.pdf": {
    "bboxes": [
      [
        121.0,
        455.0,
        60.233001708984375,
        106.0
      ]
    ]
  },
  "document_043.pdf": {
    "bboxes": [
      [
        268.0,
        371.0,
        152.0,
        45.0
      ]
    ]
  },
  "document_044.pdf": {
    "bboxes": [
      [
        260.0,
        354.0,
        147.30799865722656,
        53.85499954223633
      ]
    ]
  },
  "document_045.pdf": {
    "bboxes": [
      [
        363.0,
        95.0,
        48.303001403808594,
        112.5469970703125
      ]
    ]
  },
  "document_046.pdf": {
    "bboxes": [
      [
        44.0,
        406.0,
        386.0,
        67.0
      ]
    ]
  },
  "document_047.pdf": {
    "bboxes": [
      [
        269.0,
        323.0,
        47.00199890136719,
        172.0
      ]
    ]
  },